selection1/image,selection1/url,selection1/selection2,selection1/selection2_url,selection1/selection3,selection1/selection3_url
https://static.noimg.net/serie/cover/original/9073aed32c418c13702d00f6f3e57f8c.jpg,https://pelisplus.me/serie/l-a-s-finest/,L.A.'s Finest,https://pelisplus.me/serie/l-a-s-finest/,2019,https://pelisplus.me/serie/l-a-s-finest/
https://static.noimg.net/serie/cover/original/8d10ff6e38db8393b5fc925660363625.jpg,https://pelisplus.me/serie/lifeline/,Lifeline,https://pelisplus.me/serie/lifeline/,2017,https://pelisplus.me/serie/lifeline/
https://static.noimg.net/serie/cover/original/fbc8d3032a44b3b4b0451df699902453.jpg,https://pelisplus.me/serie/snowpiercer-rompenieves/,Snowpiercer (Rompenieves),https://pelisplus.me/serie/snowpiercer-rompenieves/,2020,https://pelisplus.me/serie/snowpiercer-rompenieves/
https://static.noimg.net/serie/cover/original/c09e3d2d6a6254ca0b3cee17d461bfe0.jpg,https://pelisplus.me/serie/stargirl/,Stargirl,https://pelisplus.me/serie/stargirl/,2020,https://pelisplus.me/serie/stargirl/
https://static.noimg.net/serie/cover/original/a2b90d721294d294e243ab1e17270f97.jpg,https://pelisplus.me/serie/graceland/,Graceland,https://pelisplus.me/serie/graceland/,2013,https://pelisplus.me/serie/graceland/
https://static.noimg.net/serie/cover/original/f5f1a791bfd5fd19018781c98c301af4.jpg,https://pelisplus.me/serie/hercules-sus-viajes-legendarios/,Hércules: Sus Viajes Legendarios,https://pelisplus.me/serie/hercules-sus-viajes-legendarios/,1995,https://pelisplus.me/serie/hercules-sus-viajes-legendarios/
https://static.noimg.net/serie/cover/original/2d022a32bb4d02c002f310a21094b4e1.jpg,https://pelisplus.me/serie/gangs-of-london/,Gangs Of London,https://pelisplus.me/serie/gangs-of-london/,2020,https://pelisplus.me/serie/gangs-of-london/
https://static.noimg.net/serie/cover/original/35710b68d9f2a5dd6a4dc62e04876b95.jpg,https://pelisplus.me/serie/legends/,Legends,https://pelisplus.me/serie/legends/,2014,https://pelisplus.me/serie/legends/
https://static.noimg.net/serie/cover/original/38789a6731c39f145c921488134f0ceb.jpg,https://pelisplus.me/serie/las-nuevas-leyendas-de-mono/,Las Nuevas Leyendas de Mono,https://pelisplus.me/serie/las-nuevas-leyendas-de-mono/,2018,https://pelisplus.me/serie/las-nuevas-leyendas-de-mono/
https://static.noimg.net/serie/cover/original/37c44e28e89c897f3116fce57de0cc29.jpg,https://pelisplus.me/serie/la-joven-liga-de-la-justicia/,La Joven Liga de La Justicia,https://pelisplus.me/serie/la-joven-liga-de-la-justicia/,2010,https://pelisplus.me/serie/la-joven-liga-de-la-justicia/
https://static.noimg.net/serie/cover/original/ae53a45bc504126c6640c4baebdd36f1.jpg,https://pelisplus.me/serie/pagan-peak/,Pagan Peak,https://pelisplus.me/serie/pagan-peak/,2019,https://pelisplus.me/serie/pagan-peak/
https://static.noimg.net/serie/cover/original/188613ae7d1d1479d6cc1dbd06e3f510.jpg,https://pelisplus.me/serie/trampa-22/,Trampa-22,https://pelisplus.me/serie/trampa-22/,2019,https://pelisplus.me/serie/trampa-22/
https://static.noimg.net/serie/cover/original/752cc6736842fbda7637e5ad80cd215d.jpg,https://pelisplus.me/serie/los-simuladores-2008/,Los Simuladores (2008),https://pelisplus.me/serie/los-simuladores-2008/,2008,https://pelisplus.me/serie/los-simuladores-2008/
https://static.noimg.net/serie/cover/original/7216f9132bafb449193c751895dcf181.jpg,https://pelisplus.me/serie/vis-a-vis-el-oasis/,Vis a Vis: El Oasis,https://pelisplus.me/serie/vis-a-vis-el-oasis/,2020,https://pelisplus.me/serie/vis-a-vis-el-oasis/
https://static.noimg.net/serie/cover/original/5d90ca4008e85e7ada64a49bd4a1c14b.jpg,https://pelisplus.me/serie/el-ejercito-olvidado/,El Ejercito Olvidado,https://pelisplus.me/serie/el-ejercito-olvidado/,2020,https://pelisplus.me/serie/el-ejercito-olvidado/
https://static.noimg.net/serie/cover/original/2e3a6b7fd87d7628f14bfb0962d3a0aa.jpg,https://pelisplus.me/serie/temple/,Temple,https://pelisplus.me/serie/temple/,2019,https://pelisplus.me/serie/temple/
https://static.noimg.net/serie/cover/original/ee449e6c5bab4a1767ae58f660930b57.jpg,https://pelisplus.me/serie/barbaros-el-despertar/,Bárbaros : El Despertar,https://pelisplus.me/serie/barbaros-el-despertar/,2016,https://pelisplus.me/serie/barbaros-el-despertar/
https://static.noimg.net/serie/cover/original/aa23d2686b6b7365dfbb1743a24f108f.jpg,https://pelisplus.me/serie/alphas/,Alphas,https://pelisplus.me/serie/alphas/,2011,https://pelisplus.me/serie/alphas/
https://static.noimg.net/serie/cover/original/f2ce826b48b334ae37ab6b6eb10cb064.jpg,https://pelisplus.me/serie/mentes-criminales-sin-fronteras/,Mentes Criminales: Sin Fronteras,https://pelisplus.me/serie/mentes-criminales-sin-fronteras/,2016,https://pelisplus.me/serie/mentes-criminales-sin-fronteras/
https://static.noimg.net/serie/cover/original/181edbc1a32cfe2cfdb0f1bddd0e2227.jpg,https://pelisplus.me/serie/fastest-car/,Fastest Car,https://pelisplus.me/serie/fastest-car/,2018,https://pelisplus.me/serie/fastest-car/
https://static.noimg.net/serie/cover/original/d9217952ae5ef93a6dbae9a25b7d1747.jpg,https://pelisplus.me/serie/extinct/,Extinct,https://pelisplus.me/serie/extinct/,2017,https://pelisplus.me/serie/extinct/
https://static.noimg.net/serie/cover/original/4555f0617d9f1acedea1ab3e7b3c30fb.jpg,https://pelisplus.me/serie/las-aventuras-del-gato-con-botas/,Las Aventuras del Gato con Botas,https://pelisplus.me/serie/las-aventuras-del-gato-con-botas/,2015,https://pelisplus.me/serie/las-aventuras-del-gato-con-botas/
https://static.noimg.net/serie/cover/original/c6ecd8fa3c2327c4d9e1040afa1710e8.jpg,https://pelisplus.me/serie/wataha/,Wataha,https://pelisplus.me/serie/wataha/,2014,https://pelisplus.me/serie/wataha/
https://static.noimg.net/serie/cover/original/5a93b0ef9a818a4f884187fdfdbed848.jpg,https://pelisplus.me/serie/the-stranded/,The Stranded,https://pelisplus.me/serie/the-stranded/,2019,https://pelisplus.me/serie/the-stranded/
https://static.noimg.net/serie/cover/original/9dfb81a4ccb97fc51300e4a45ccbe8db.jpg,https://pelisplus.me/serie/almost-human/,Almost Human,https://pelisplus.me/serie/almost-human/,2013,https://pelisplus.me/serie/almost-human/
https://static.noimg.net/serie/cover/original/df05dacebfaaf5aacdb7e3d5b09b38da.jpg,https://pelisplus.me/serie/el-tren-infinito/,El Tren Infinito,https://pelisplus.me/serie/el-tren-infinito/,2019,https://pelisplus.me/serie/el-tren-infinito/
https://static.noimg.net/serie/cover/original/75e8ff76dc8cf893c3c2bf89eb37b609.jpg,https://pelisplus.me/serie/dystopia/,Dystopia,https://pelisplus.me/serie/dystopia/,2018,https://pelisplus.me/serie/dystopia/
https://static.noimg.net/serie/cover/original/656ac05e09c03ae5f83a0d149eb2d9c9.jpg,https://pelisplus.me/serie/combatientes-de-la-libertad-the-ray/,Combatientes de La Libertad: The Ray,https://pelisplus.me/serie/combatientes-de-la-libertad-the-ray/,2017,https://pelisplus.me/serie/combatientes-de-la-libertad-the-ray/
https://static.noimg.net/serie/cover/original/d1c0a51a6ed50a04bb88ca47ba1e6957.jpg,https://pelisplus.me/serie/el-otro-turismo/,El Otro Turismo,https://pelisplus.me/serie/el-otro-turismo/,2018,https://pelisplus.me/serie/el-otro-turismo/
https://static.noimg.net/serie/cover/original/749ed52538f16d3d621968cab7c7cb31.jpg,https://pelisplus.me/serie/de-dag-24-hours-two-sides-of-crime/,De Dag (24 Hours-Two Sides of Crime),https://pelisplus.me/serie/de-dag-24-hours-two-sides-of-crime/,2018,https://pelisplus.me/serie/de-dag-24-hours-two-sides-of-crime/
https://static.noimg.net/serie/cover/original/0e9a6566135a0ff0fd00eff23002559e.jpg,https://pelisplus.me/serie/dig/,Dig,https://pelisplus.me/serie/dig/,2015,https://pelisplus.me/serie/dig/
https://static.noimg.net/serie/cover/original/d3c82f41d0ec8407d65d3378a6b6df31.jpg,https://pelisplus.me/serie/beowulf/,Beowulf,https://pelisplus.me/serie/beowulf/,2016,https://pelisplus.me/serie/beowulf/
https://static.noimg.net/serie/cover/original/a652fcf843cfc9246261024290967260.jpg,https://pelisplus.me/serie/believe/,Believe,https://pelisplus.me/serie/believe/,2014,https://pelisplus.me/serie/believe/
https://static.noimg.net/serie/cover/original/36cd7d9d99deb79c232b2400b299ccff.jpg,https://pelisplus.me/serie/the-dead-lands/,The Dead Lands,https://pelisplus.me/serie/the-dead-lands/,2020,https://pelisplus.me/serie/the-dead-lands/
https://static.noimg.net/serie/cover/original/cc33c11f0adfd279d564f5f758fb4f44.jpg,https://pelisplus.me/serie/deputy/,Deputy,https://pelisplus.me/serie/deputy/,2020,https://pelisplus.me/serie/deputy/
https://static.noimg.net/serie/cover/original/8e72ab980b59e84de5ab980b6d02c2c1.jpg,https://pelisplus.me/serie/locke-y-key/,Locke & Key,https://pelisplus.me/serie/locke-y-key/,2020,https://pelisplus.me/serie/locke-y-key/
https://static.noimg.net/serie/cover/original/92eac0f947d23ac3bf8a755d30ae4657.jpg,https://pelisplus.me/serie/icerde/,Icerde,https://pelisplus.me/serie/icerde/,2016,https://pelisplus.me/serie/icerde/
https://static.noimg.net/serie/cover/original/208c8fbbd68a379417bc4018cee0cadd.jpg,https://pelisplus.me/serie/angie-tribeca/,Angie Tribeca,https://pelisplus.me/serie/angie-tribeca/,2016,https://pelisplus.me/serie/angie-tribeca/
https://static.noimg.net/serie/cover/original/d0257370d786dd723b1f7fc6d041c78c.jpg,https://pelisplus.me/serie/sintonia/,Sintonia,https://pelisplus.me/serie/sintonia/,2019,https://pelisplus.me/serie/sintonia/
https://static.noimg.net/serie/cover/original/a8cbec6b7e671a1370b28c3f8fb92c6a.jpg,https://pelisplus.me/serie/dollar/,Dollar,https://pelisplus.me/serie/dollar/,2019,https://pelisplus.me/serie/dollar/
https://static.noimg.net/serie/cover/original/1ea55ba035e602c181bb02dce3b3641c.jpg,https://pelisplus.me/serie/fast-layne/,Fast Layne,https://pelisplus.me/serie/fast-layne/,2019,https://pelisplus.me/serie/fast-layne/
https://static.noimg.net/serie/cover/original/d65d4e990f1a1067b27967f14d02c5db.jpg,https://pelisplus.me/serie/swamp-thing/,Swamp Thing,https://pelisplus.me/serie/swamp-thing/,2019,https://pelisplus.me/serie/swamp-thing/
https://static.noimg.net/serie/cover/original/aba529128d25003e55f922c475fddf19.jpg,https://pelisplus.me/serie/american-odyssey/,American Odyssey,https://pelisplus.me/serie/american-odyssey/,2015,https://pelisplus.me/serie/american-odyssey/
https://static.noimg.net/serie/cover/original/836e00c5bdd738bb84936461d607896b.jpg,https://pelisplus.me/serie/el-cartel/,El Cartel,https://pelisplus.me/serie/el-cartel/,2008,https://pelisplus.me/serie/el-cartel/
https://static.noimg.net/serie/cover/original/0734edc4db13ef34dddf9d8a2e3843cd.jpg,https://pelisplus.me/serie/infiltrado/,Infiltrado,https://pelisplus.me/serie/infiltrado/,2014,https://pelisplus.me/serie/infiltrado/
https://static.noimg.net/serie/cover/original/f2f2cd944e8048543e9a2176938a182a.jpg,https://pelisplus.me/serie/immortals/,Immortals,https://pelisplus.me/serie/immortals/,2018,https://pelisplus.me/serie/immortals/
https://static.noimg.net/serie/cover/original/19043f1b35b7b2008f919a8f5c10007f.jpg,https://pelisplus.me/serie/bloodride/,Bloodride,https://pelisplus.me/serie/bloodride/,2020,https://pelisplus.me/serie/bloodride/
https://static.noimg.net/serie/cover/original/03e4916761ccd72308f9b88c32765131.jpg,https://pelisplus.me/serie/9-1-1-lone-star/,9-1-1: Lone Star,https://pelisplus.me/serie/9-1-1-lone-star/,2020,https://pelisplus.me/serie/9-1-1-lone-star/
https://static.noimg.net/serie/cover/original/eaa84474c24aa67ea640393ad829f5b3.jpg,https://pelisplus.me/serie/agente-x/,Agente X,https://pelisplus.me/serie/agente-x/,2015,https://pelisplus.me/serie/agente-x/
https://static.noimg.net/serie/cover/original/ce5e425fabe1dca626e3afa18feb427d.jpg,https://pelisplus.me/serie/cobra/,Cobra,https://pelisplus.me/serie/cobra/,2020,https://pelisplus.me/serie/cobra/
https://static.noimg.net/serie/cover/original/635d7afb9c6edec3041408bddcef912b.jpg,https://pelisplus.me/serie/seccion-zero/,Sección Zero,https://pelisplus.me/serie/seccion-zero/,2016,https://pelisplus.me/serie/seccion-zero/
https://static.noimg.net/serie/cover/original/0de1685ddfc767e79d4ac2f186b366e1.jpg,https://pelisplus.me/serie/hijos-del-tercer-reich/,Hijos del Tercer Reich,https://pelisplus.me/serie/hijos-del-tercer-reich/,2013,https://pelisplus.me/serie/hijos-del-tercer-reich/
https://static.noimg.net/serie/cover/original/3079b4477818f1ccaffdb5d8be1fc9f9.jpg,https://pelisplus.me/serie/carta-al-rey/,Carta al Rey,https://pelisplus.me/serie/carta-al-rey/,2020,https://pelisplus.me/serie/carta-al-rey/
https://static.noimg.net/serie/cover/original/50fa541da1148b2f35b4f414ef23ae70.jpg,https://pelisplus.me/serie/sherwood/,Sherwood,https://pelisplus.me/serie/sherwood/,2019,https://pelisplus.me/serie/sherwood/
https://static.noimg.net/serie/cover/original/751a30c27e4744645f559dd273cadda6.jpg,https://pelisplus.me/serie/hero-mask/,Hero Mask,https://pelisplus.me/serie/hero-mask/,2018,https://pelisplus.me/serie/hero-mask/
https://static.noimg.net/serie/cover/original/56038d6ad4e82cc2f9df9a361d7e8505.jpg,https://pelisplus.me/serie/queen-sono/,Queen Sono,https://pelisplus.me/serie/queen-sono/,2020,https://pelisplus.me/serie/queen-sono/
https://static.noimg.net/serie/cover/original/b6d6166b6ce7178b728a80bbccbda32d.jpg,https://pelisplus.me/serie/cuentos-asombrosos/,Cuentos Asombrosos,https://pelisplus.me/serie/cuentos-asombrosos/,2020,https://pelisplus.me/serie/cuentos-asombrosos/
https://static.noimg.net/serie/cover/original/2cee9af7245cf1774ff7da3a4ee48a0b.jpg,https://pelisplus.me/serie/el-ascenso-de-un-imperio-otomano/,El Ascenso de un Imperio: Otomano,https://pelisplus.me/serie/el-ascenso-de-un-imperio-otomano/,2020,https://pelisplus.me/serie/el-ascenso-de-un-imperio-otomano/
https://static.noimg.net/serie/cover/original/902295507ad3af6dad099786e5ee4b74.jpg,https://pelisplus.me/serie/aguila-roja/,Águila Roja,https://pelisplus.me/serie/aguila-roja/,2009,https://pelisplus.me/serie/aguila-roja/
https://static.noimg.net/serie/cover/original/d5e599dcbe3af0bd21c85d05e747ac77.jpg,https://pelisplus.me/serie/operacion-pacifico/,Operación Pacífico,https://pelisplus.me/serie/operacion-pacifico/,2020,https://pelisplus.me/serie/operacion-pacifico/
https://static.noimg.net/serie/cover/original/308b587fd1b4c7d886f5d8975f0bf781.jpg,https://pelisplus.me/serie/pandora/,Pandora,https://pelisplus.me/serie/pandora/,2019,https://pelisplus.me/serie/pandora/
https://static.noimg.net/serie/cover/original/f9819546083289acdefe9ac4090448e4.jpg,https://pelisplus.me/serie/smallville/,Smallville,https://pelisplus.me/serie/smallville/,2001,https://pelisplus.me/serie/smallville/
https://static.noimg.net/serie/cover/original/03c229f47fd240125344c305f7eb54d4.jpg,https://pelisplus.me/serie/archer/,Archer,https://pelisplus.me/serie/archer/,2009,https://pelisplus.me/serie/archer/
https://static.noimg.net/serie/cover/original/31107e96d1705025c5f3d9ccb6ba44db.jpg,https://pelisplus.me/serie/kurulus-osman/,Kurulus: Osman,https://pelisplus.me/serie/kurulus-osman/,2019,https://pelisplus.me/serie/kurulus-osman/
https://static.noimg.net/serie/cover/original/3dd4391d833e47f0fc22ca48d2a59a5a.jpg,https://pelisplus.me/serie/britania/,Britania,https://pelisplus.me/serie/britania/,2018,https://pelisplus.me/serie/britania/
https://static.noimg.net/serie/cover/original/28a201cfa76500466d181cc6b4ae1379.jpg,https://pelisplus.me/serie/8-days/,8 Days,https://pelisplus.me/serie/8-days/,2019,https://pelisplus.me/serie/8-days/
https://static.noimg.net/serie/cover/original/9c2d560a364c4fffab8b63b2cfc1b244.jpg,https://pelisplus.me/serie/jett/,Jett,https://pelisplus.me/serie/jett/,2019,https://pelisplus.me/serie/jett/
https://static.noimg.net/serie/cover/original/d9a363cb239a8e200295470df0580775.jpg,https://pelisplus.me/serie/ragnarok/,Ragnarok,https://pelisplus.me/serie/ragnarok/,2020,https://pelisplus.me/serie/ragnarok/
https://static.noimg.net/serie/cover/original/b6fe324cc0320841bc1a8397cdf56763.jpg,https://pelisplus.me/serie/saint-seiya-los-caballeros-del-zodiaco/,Saint Seiya: Los Caballeros del Zodiaco,https://pelisplus.me/serie/saint-seiya-los-caballeros-del-zodiaco/,2019,https://pelisplus.me/serie/saint-seiya-los-caballeros-del-zodiaco/
https://static.noimg.net/serie/cover/original/4060644581b364cdf000f658b0e93fc3.jpg,https://pelisplus.me/serie/the-detail/,The Detail,https://pelisplus.me/serie/the-detail/,2018,https://pelisplus.me/serie/the-detail/
https://static.noimg.net/serie/cover/original/250fe43ad45fb64168179e16c41dda5d.jpg,https://pelisplus.me/serie/guau-que-amigo/,"¡Guau, qué amigo!",https://pelisplus.me/serie/guau-que-amigo/,2020,https://pelisplus.me/serie/guau-que-amigo/
https://static.noimg.net/serie/cover/original/7340006988efdbbaa7bf2d93638bc96a.jpg,https://pelisplus.me/serie/invasion-jurasica/,Invasión Jurásica,https://pelisplus.me/serie/invasion-jurasica/,2007,https://pelisplus.me/serie/invasion-jurasica/
https://static.noimg.net/serie/cover/original/4cd3579409774859d83674c2e20e2612.jpg,https://pelisplus.me/serie/treadstone/,Treadstone,https://pelisplus.me/serie/treadstone/,2019,https://pelisplus.me/serie/treadstone/
https://static.noimg.net/serie/cover/original/07f2e6cd844216346cc2994bd081a4fd.jpg,https://pelisplus.me/serie/kipo-y-la-era-de-las-bestias-magicas/,Kipo y la Era de las Bestias Mágicas,https://pelisplus.me/serie/kipo-y-la-era-de-las-bestias-magicas/,2020,https://pelisplus.me/serie/kipo-y-la-era-de-las-bestias-magicas/
https://static.noimg.net/serie/cover/original/7be3bcfa0179ece39d4ba80612a31ff7.jpg,https://pelisplus.me/serie/star-trek-picard/,Star Trek: Picard,https://pelisplus.me/serie/star-trek-picard/,2020,https://pelisplus.me/serie/star-trek-picard/
https://static.noimg.net/serie/cover/original/7902d68d7e78bf3fb7ee9ca2f5e4cd26.jpg,https://pelisplus.me/serie/stargate-sg-1/,Stargate SG-1,https://pelisplus.me/serie/stargate-sg-1/,1997,https://pelisplus.me/serie/stargate-sg-1/
https://static.noimg.net/serie/cover/original/3c5bfbfd9e98642f525af271c608e77c.jpg,https://pelisplus.me/serie/ncis-los-angeles/,NCIS: Los Angeles,https://pelisplus.me/serie/ncis-los-angeles/,2009,https://pelisplus.me/serie/ncis-los-angeles/
https://static.noimg.net/serie/cover/original/3fd4a53a554aa3b95254a3626e5e22a3.jpg,https://pelisplus.me/serie/kung-fu-panda-los-pasos-del-destino/,Kung Fu Panda: Los Pasos del Destino,https://pelisplus.me/serie/kung-fu-panda-los-pasos-del-destino/,2018,https://pelisplus.me/serie/kung-fu-panda-los-pasos-del-destino/
https://static.noimg.net/serie/cover/original/c939449e6d2091500c2c429356ec62bb.jpg,https://pelisplus.me/serie/fast-y-furious-espias-a-todo-gas/,Fast & Furious: Espías A Todo Gas,https://pelisplus.me/serie/fast-y-furious-espias-a-todo-gas/,2019,https://pelisplus.me/serie/fast-y-furious-espias-a-todo-gas/
https://static.noimg.net/serie/cover/original/2471734977a2d72b247f4280a28685ac.jpg,https://pelisplus.me/serie/los-ladrones-del-bosque/,Los Ladrones del Bosque,https://pelisplus.me/serie/los-ladrones-del-bosque/,2019,https://pelisplus.me/serie/los-ladrones-del-bosque/
https://static.noimg.net/serie/cover/original/0b3a68852d2175e247ab154782dd8080.jpg,https://pelisplus.me/serie/sacred-games/,Sacred Games,https://pelisplus.me/serie/sacred-games/,2018,https://pelisplus.me/serie/sacred-games/
https://static.noimg.net/serie/cover/original/58d47055e009340ec8064fa294cbbc62.jpg,https://pelisplus.me/serie/ncis-criminologia-naval/,NCIS: Criminologia Naval,https://pelisplus.me/serie/ncis-criminologia-naval/,2003,https://pelisplus.me/serie/ncis-criminologia-naval/
https://static.noimg.net/serie/cover/original/39a54701e1b08f8ee3bdc19a2653585d.jpg,https://pelisplus.me/serie/estacion-de-berlin/,Estación de Berlín,https://pelisplus.me/serie/estacion-de-berlin/,2016,https://pelisplus.me/serie/estacion-de-berlin/
https://static.noimg.net/serie/cover/original/32b2bc863c0e1f09bd7c4e59a0008e48.jpg,https://pelisplus.me/serie/the-brave/,The Brave,https://pelisplus.me/serie/the-brave/,2017,https://pelisplus.me/serie/the-brave/
https://static.noimg.net/serie/cover/original/43a47a4e10498adf300479688888b5c8.jpg,https://pelisplus.me/serie/blood-y-treasure/,Blood & Treasure,https://pelisplus.me/serie/blood-y-treasure/,2019,https://pelisplus.me/serie/blood-y-treasure/
https://static.noimg.net/serie/cover/original/7871e66ca0431f8a3aea841eb80aed35.jpg,https://pelisplus.me/serie/the-sniffer/,The Sniffer,https://pelisplus.me/serie/the-sniffer/,2013,https://pelisplus.me/serie/the-sniffer/
https://static.noimg.net/serie/cover/original/bc1827522400a3ce57cf3d6477c03cdb.jpg,https://pelisplus.me/serie/wu-assassins/,Wu Assassins,https://pelisplus.me/serie/wu-assassins/,2019,https://pelisplus.me/serie/wu-assassins/
https://static.noimg.net/serie/cover/original/71e7cdd7803901aeb1c81b8bd86b2381.jpg,https://pelisplus.me/serie/huevos-verdes-con-jamon/,Huevos Verdes con Jamón,https://pelisplus.me/serie/huevos-verdes-con-jamon/,2018,https://pelisplus.me/serie/huevos-verdes-con-jamon/
https://static.noimg.net/serie/cover/original/8988b5315b832408bedb3deae5b51603.jpg,https://pelisplus.me/serie/watchmen/,Watchmen,https://pelisplus.me/serie/watchmen/,2019,https://pelisplus.me/serie/watchmen/
https://static.noimg.net/serie/cover/original/45014ab4a62676ae91b459011fac934c.jpg,https://pelisplus.me/serie/el-escritor-fantasma/,El Escritor Fantasma,https://pelisplus.me/serie/el-escritor-fantasma/,2019,https://pelisplus.me/serie/el-escritor-fantasma/
https://static.noimg.net/serie/cover/original/ca7b259baee111fb23a235b3257d04f0.jpg,https://pelisplus.me/serie/bard-of-blood/,Bard of Blood,https://pelisplus.me/serie/bard-of-blood/,2019,https://pelisplus.me/serie/bard-of-blood/
https://static.noimg.net/serie/cover/original/40bdd8c735d2d63aa5b4a608e798fea8.jpg,https://pelisplus.me/serie/levius/,Levius,https://pelisplus.me/serie/levius/,2019,https://pelisplus.me/serie/levius/
https://static.noimg.net/serie/cover/original/586674f05ce6809b67cd4a67274bcbe9.jpg,https://pelisplus.me/serie/crisis-on-infinite-earths/,Crisis on Infinite Earths,https://pelisplus.me/serie/crisis-on-infinite-earths/,2019,https://pelisplus.me/serie/crisis-on-infinite-earths/
https://static.noimg.net/serie/cover/original/5b12214a3e8fcbc8bde65a7fad230310.jpg,https://pelisplus.me/serie/hermandad/,Hermandad,https://pelisplus.me/serie/hermandad/,2019,https://pelisplus.me/serie/hermandad/
https://static.noimg.net/serie/cover/original/90ed00f17f94174d83d39058ca7e3145.jpg,https://pelisplus.me/serie/daybreak/,Daybreak,https://pelisplus.me/serie/daybreak/,2019,https://pelisplus.me/serie/daybreak/
https://static.noimg.net/serie/cover/original/c05dfbc0ab470f6764d26cb7dd784f54.jpg,https://pelisplus.me/serie/harley-quinn/,Harley Quinn,https://pelisplus.me/serie/harley-quinn/,2019,https://pelisplus.me/serie/harley-quinn/
https://static.noimg.net/serie/cover/original/fd906ba0122b4572f0a28655398d8e0c.jpg,https://pelisplus.me/serie/la-fortaleza/,La Fortaleza,https://pelisplus.me/serie/la-fortaleza/,2018,https://pelisplus.me/serie/la-fortaleza/
https://static.noimg.net/serie/cover/original/ccbb7038114ca728096c3e3f1d102717.jpg,https://pelisplus.me/serie/elena-de-avalor/,Elena de Ávalor,https://pelisplus.me/serie/elena-de-avalor/,2016,https://pelisplus.me/serie/elena-de-avalor/
https://static.noimg.net/serie/cover/original/960e8ad27c739968d6587dff72712a25.jpg,https://pelisplus.me/serie/see/,See,https://pelisplus.me/serie/see/,2019,https://pelisplus.me/serie/see/
https://static.noimg.net/serie/cover/original/a08645c50cd8403e164fbc5840f199cb.jpg,https://pelisplus.me/serie/pennyworth/,Pennyworth,https://pelisplus.me/serie/pennyworth/,2019,https://pelisplus.me/serie/pennyworth/
https://static.noimg.net/serie/cover/original/06c6029bcf5f0332108911b1c23e9763.jpg,https://pelisplus.me/serie/the-mandalorian/,The Mandalorian,https://pelisplus.me/serie/the-mandalorian/,2019,https://pelisplus.me/serie/the-mandalorian/
https://static.noimg.net/serie/cover/original/4b3281114fccdc9a0fe00a04d3b3a435.jpg,https://pelisplus.me/serie/batwoman/,Batwoman,https://pelisplus.me/serie/batwoman/,2019,https://pelisplus.me/serie/batwoman/
https://static.noimg.net/serie/cover/original/8e51685528b6fb064a196947dbd39549.jpg,https://pelisplus.me/serie/emerald-city/,Emerald City,https://pelisplus.me/serie/emerald-city/,2017,https://pelisplus.me/serie/emerald-city/
https://static.noimg.net/serie/cover/original/ede62ad01747e8e0f095383c3d32af22.jpg,https://pelisplus.me/serie/torchwood/,Torchwood,https://pelisplus.me/serie/torchwood/,2006,https://pelisplus.me/serie/torchwood/
https://static.noimg.net/serie/cover/original/f7c811394aa03b8da9c9957aa3655bd1.jpg,https://pelisplus.me/serie/vagabond/,Vagabond,https://pelisplus.me/serie/vagabond/,2019,https://pelisplus.me/serie/vagabond/
https://static.noimg.net/serie/cover/original/7abe134e1a427b33e8ce793013fd31ab.jpg,https://pelisplus.me/serie/terminator-las-cronicas-de-sarah-connor/,Terminator: Las Crónicas de Sarah Connor,https://pelisplus.me/serie/terminator-las-cronicas-de-sarah-connor/,2008,https://pelisplus.me/serie/terminator-las-cronicas-de-sarah-connor/
https://static.noimg.net/serie/cover/original/f71a33d59ee710948f3b71f9e6f39835.jpg,https://pelisplus.me/serie/star-vs-las-fuerzas-del-mal/,Star vs Las Fuerzas del Mal,https://pelisplus.me/serie/star-vs-las-fuerzas-del-mal/,2015,https://pelisplus.me/serie/star-vs-las-fuerzas-del-mal/
https://static.noimg.net/serie/cover/original/3b1a0d8d082cfc4b23e2faefe4c16c12.jpg,https://pelisplus.me/serie/max-steel/,Max Steel,https://pelisplus.me/serie/max-steel/,2013,https://pelisplus.me/serie/max-steel/
https://static.noimg.net/serie/cover/original/0c6d9c480efe8a108b3f65dc62666256.jpg,https://pelisplus.me/serie/prodigiosa-las-aventuras-de-ladybug/,Prodigiosa: Las Aventuras de Ladybug,https://pelisplus.me/serie/prodigiosa-las-aventuras-de-ladybug/,2015,https://pelisplus.me/serie/prodigiosa-las-aventuras-de-ladybug/
https://static.noimg.net/serie/cover/original/8b4ac9bc73c5ddae2c92871df7bf9e20.jpg,https://pelisplus.me/serie/magnum-p-i/,Magnum P.I.,https://pelisplus.me/serie/magnum-p-i/,2018,https://pelisplus.me/serie/magnum-p-i/
https://static.noimg.net/serie/cover/original/93184f7b4139b54fe64c99daf89531e9.jpg,https://pelisplus.me/serie/las-reglas-del-juego/,Las Reglas del Juego,https://pelisplus.me/serie/las-reglas-del-juego/,2008,https://pelisplus.me/serie/las-reglas-del-juego/
https://static.noimg.net/serie/cover/original/2c08fed245181129fd1d73b19b44fa77.jpg,https://pelisplus.me/serie/the-boys/,The Boys,https://pelisplus.me/serie/the-boys/,2019,https://pelisplus.me/serie/the-boys/
https://static.noimg.net/serie/cover/original/91286bfa528bf90c22cb135e08674017.jpg,https://pelisplus.me/serie/star-wars-rebels/,Star Wars Rebels,https://pelisplus.me/serie/star-wars-rebels/,2014,https://pelisplus.me/serie/star-wars-rebels/
https://static.noimg.net/serie/cover/original/1628508bd13dc45776056110c979af56.jpg,https://pelisplus.me/serie/el-ministerio-del-tiempo/,El Ministerio del Tiempo,https://pelisplus.me/serie/el-ministerio-del-tiempo/,2015,https://pelisplus.me/serie/el-ministerio-del-tiempo/
https://static.noimg.net/serie/cover/original/e433d9db36b3c7d1ef66b8538fe92a57.jpg,https://pelisplus.me/serie/tru-calling/,Tru Calling,https://pelisplus.me/serie/tru-calling/,2003,https://pelisplus.me/serie/tru-calling/
https://static.noimg.net/serie/cover/original/766ebd62a628b1ea1dc643e208aa0517.jpg,https://pelisplus.me/serie/dirk-gently-agencia-de-investigaciones-holisticas/,Dirk Gently: Agencia de Investigaciones Holísticas,https://pelisplus.me/serie/dirk-gently-agencia-de-investigaciones-holisticas/,2016,https://pelisplus.me/serie/dirk-gently-agencia-de-investigaciones-holisticas/
https://static.noimg.net/serie/cover/original/6ca5afe61de1ac8f9a825ed204a38730.jpg,https://pelisplus.me/serie/no-limit/,No Limit,https://pelisplus.me/serie/no-limit/,2012,https://pelisplus.me/serie/no-limit/
https://static.noimg.net/serie/cover/original/085d05721d524896e8ff60f94bac69df.jpg,https://pelisplus.me/serie/el-auto-fantastico/,El Auto Fantástico,https://pelisplus.me/serie/el-auto-fantastico/,1982,https://pelisplus.me/serie/el-auto-fantastico/
https://static.noimg.net/serie/cover/original/1894c27f87be1c502f33e630684bcc23.jpg,https://pelisplus.me/serie/zoo/,Zoo,https://pelisplus.me/serie/zoo/,2015,https://pelisplus.me/serie/zoo/
https://static.noimg.net/serie/cover/original/9d3a9a0314128ba8496f51ad136d9d60.jpg,https://pelisplus.me/serie/hospital-central/,Hospital Central,https://pelisplus.me/serie/hospital-central/,2000,https://pelisplus.me/serie/hospital-central/
https://static.noimg.net/serie/cover/original/e7fb92a9461e4c42e0700dfd8ed14205.jpg,https://pelisplus.me/serie/hanna/,Hanna,https://pelisplus.me/serie/hanna/,2019,https://pelisplus.me/serie/hanna/
https://static.noimg.net/serie/cover/original/10e8a9e5a5c4b9586bf3ca86a33fa611.jpg,https://pelisplus.me/serie/the-blacklist-redemption/,The Blacklist: Redemption,https://pelisplus.me/serie/the-blacklist-redemption/,2017,https://pelisplus.me/serie/the-blacklist-redemption/
https://static.noimg.net/serie/cover/original/f175fcbf645c31a17e8b439faca53f3d.jpg,https://pelisplus.me/serie/training-day/,Training Day,https://pelisplus.me/serie/training-day/,2017,https://pelisplus.me/serie/training-day/
https://static.noimg.net/serie/cover/original/9137600dd030e8b6857eddbdbb9722d3.jpg,https://pelisplus.me/serie/incorporated/,Incorporated,https://pelisplus.me/serie/incorporated/,2016,https://pelisplus.me/serie/incorporated/
https://static.noimg.net/serie/cover/original/acb4d3362e5e248f33e6c46aee854de2.jpg,https://pelisplus.me/serie/dominion/,Dominion,https://pelisplus.me/serie/dominion/,2014,https://pelisplus.me/serie/dominion/
https://static.noimg.net/serie/cover/original/b178977abb80c76126a21a0cbde8df61.jpg,https://pelisplus.me/serie/shadow/,Shadow,https://pelisplus.me/serie/shadow/,2019,https://pelisplus.me/serie/shadow/
https://static.noimg.net/serie/cover/original/927c8d85ee6e9429819d18c47aadbe58.jpg,https://pelisplus.me/serie/crossing-lines/,Crossing Lines,https://pelisplus.me/serie/crossing-lines/,2013,https://pelisplus.me/serie/crossing-lines/
https://static.noimg.net/serie/cover/original/b95e5e2dc0e32e631c2a78e5fae76860.jpg,https://pelisplus.me/serie/patrulla-condenada/,Patrulla Condenada,https://pelisplus.me/serie/patrulla-condenada/,2019,https://pelisplus.me/serie/patrulla-condenada/
https://static.noimg.net/serie/cover/original/8a4bb4ea204adf8b4de63a6baf6b935f.jpg,https://pelisplus.me/serie/generation-kill/,Generation Kill,https://pelisplus.me/serie/generation-kill/,2008,https://pelisplus.me/serie/generation-kill/
https://static.noimg.net/serie/cover/original/77197883a6c11f27da8805dd48bb0278.jpg,https://pelisplus.me/serie/mr-sunshine-2018/,Mr. Sunshine (2018),https://pelisplus.me/serie/mr-sunshine-2018/,2018,https://pelisplus.me/serie/mr-sunshine-2018/
https://static.noimg.net/serie/cover/original/44779549082844eaa39d9b80b1c442e5.jpg,https://pelisplus.me/serie/brigada-costa-del-sol/,Brigada Costa del Sol,https://pelisplus.me/serie/brigada-costa-del-sol/,2019,https://pelisplus.me/serie/brigada-costa-del-sol/
https://static.noimg.net/serie/cover/original/047c1f7ef0b06be3b297e0a9161ea192.jpg,https://pelisplus.me/serie/deep-state/,Deep State,https://pelisplus.me/serie/deep-state/,2018,https://pelisplus.me/serie/deep-state/
https://static.noimg.net/serie/cover/original/ae402253fc964d184653e3530a424995.jpg,https://pelisplus.me/serie/ultimo-aviso/,Último Aviso,https://pelisplus.me/serie/ultimo-aviso/,2007,https://pelisplus.me/serie/ultimo-aviso/
https://static.noimg.net/serie/cover/original/a8097e1377664e8bb4fb58df9931f2ee.jpg,https://pelisplus.me/serie/whiskey-cavalier/,Whiskey Cavalier,https://pelisplus.me/serie/whiskey-cavalier/,2019,https://pelisplus.me/serie/whiskey-cavalier/
https://static.noimg.net/serie/cover/original/e4fb9e2ea877afc4b520134068d1f39d.jpg,https://pelisplus.me/serie/revolucion/,Revolución,https://pelisplus.me/serie/revolucion/,2012,https://pelisplus.me/serie/revolucion/
https://static.noimg.net/serie/cover/original/d2903f8170eac8a4f31b85bf1a226631.jpg,https://pelisplus.me/serie/traidores/,Traidores,https://pelisplus.me/serie/traidores/,2019,https://pelisplus.me/serie/traidores/
https://static.noimg.net/serie/cover/original/e9f109e4e8c91c9076b4b34a51fbe47a.jpg,https://pelisplus.me/serie/el-desconocido/,El Desconocido,https://pelisplus.me/serie/el-desconocido/,2018,https://pelisplus.me/serie/el-desconocido/
https://static.noimg.net/serie/cover/original/efd7f58b4fc645257a678d530d0b353f.jpg,https://pelisplus.me/serie/tiempo-final/,Tiempo Final,https://pelisplus.me/serie/tiempo-final/,2007,https://pelisplus.me/serie/tiempo-final/
https://static.noimg.net/serie/cover/original/d6edcc27e7a11bdf6fa33ed33deffb49.jpg,https://pelisplus.me/serie/star-trek-espacio-profundo-nueve/,Star Trek: Espacio Profundo Nueve,https://pelisplus.me/serie/star-trek-espacio-profundo-nueve/,1993,https://pelisplus.me/serie/star-trek-espacio-profundo-nueve/
https://static.noimg.net/serie/cover/original/ffb5ade2a7e4adc15f68ca78455a65d8.jpg,https://pelisplus.me/serie/star-trek-voyager/,Star Trek: Voyager,https://pelisplus.me/serie/star-trek-voyager/,1995,https://pelisplus.me/serie/star-trek-voyager/
https://static.noimg.net/serie/cover/original/6aeca178c91e4304776cd0f331ab7385.jpg,https://pelisplus.me/serie/star-wars-la-guerra-de-los-clones/,Star Wars: La Guerra de los Clones,https://pelisplus.me/serie/star-wars-la-guerra-de-los-clones/,2008,https://pelisplus.me/serie/star-wars-la-guerra-de-los-clones/
https://static.noimg.net/serie/cover/original/c68bbd688084831c823aa9ee94867911.jpg,https://pelisplus.me/serie/la-victima-numero-8/,La Víctima Número 8,https://pelisplus.me/serie/la-victima-numero-8/,2018,https://pelisplus.me/serie/la-victima-numero-8/
https://static.noimg.net/serie/cover/original/90c869c7ac716dced2e1a7bb9d275e27.jpg,https://pelisplus.me/serie/powers/,Powers,https://pelisplus.me/serie/powers/,2015,https://pelisplus.me/serie/powers/
https://static.noimg.net/serie/cover/original/b93187d283e769b6deeab6e35374ca6f.jpg,https://pelisplus.me/serie/infierno-sobre-ruedas/,Infierno Sobre Ruedas,https://pelisplus.me/serie/infierno-sobre-ruedas/,2011,https://pelisplus.me/serie/infierno-sobre-ruedas/
https://static.noimg.net/serie/cover/original/9e45aed61eb3a3aa996ebe041fe5b097.jpg,https://pelisplus.me/serie/historia-de-un-crimen-colmenares/,Historia de un Crimen: Colmenares,https://pelisplus.me/serie/historia-de-un-crimen-colmenares/,2019,https://pelisplus.me/serie/historia-de-un-crimen-colmenares/
https://static.noimg.net/serie/cover/original/cb62d4dcbb2794f57105dc7120e8402b.jpg,https://pelisplus.me/serie/24/,24,https://pelisplus.me/serie/24/,2001,https://pelisplus.me/serie/24/
https://static.noimg.net/serie/cover/original/286d1c7b7787207363d4b681b8d3fc4a.jpg,https://pelisplus.me/serie/sin-senos-si-hay-paraiso/,Sin Senos Sí Hay Paraíso,https://pelisplus.me/serie/sin-senos-si-hay-paraiso/,2016,https://pelisplus.me/serie/sin-senos-si-hay-paraiso/
https://static.noimg.net/serie/cover/original/5e4ab811cb347e43dd417729b9fb34b4.jpg,https://pelisplus.me/serie/the-tomorrow-people/,The Tomorrow People,https://pelisplus.me/serie/the-tomorrow-people/,2013,https://pelisplus.me/serie/the-tomorrow-people/
https://static.noimg.net/serie/cover/original/6e4acad697d36a84572347651d6ec840.jpg,https://pelisplus.me/serie/cobra-kai/,Cobra Kai,https://pelisplus.me/serie/cobra-kai/,2018,https://pelisplus.me/serie/cobra-kai/
https://static.noimg.net/serie/cover/original/2df9c2e6769b016b85e8fac00afa4938.jpg,https://pelisplus.me/serie/el-imperio-romano/,El Imperio Romano,https://pelisplus.me/serie/el-imperio-romano/,2016,https://pelisplus.me/serie/el-imperio-romano/
https://static.noimg.net/serie/cover/original/0adc429d6c598513f7c293f3d52de8c4.jpg,https://pelisplus.me/serie/the-shield-al-margen-de-la-ley/,The Shield: Al Margen de la Ley,https://pelisplus.me/serie/the-shield-al-margen-de-la-ley/,2002,https://pelisplus.me/serie/the-shield-al-margen-de-la-ley/
https://static.noimg.net/serie/cover/original/b2fa982ea8925468f26c407b6e2877f2.jpg,https://pelisplus.me/serie/black-summer/,Black Summer,https://pelisplus.me/serie/black-summer/,2019,https://pelisplus.me/serie/black-summer/
https://static.noimg.net/serie/cover/original/1bec35a9a073b0e6818c7c6237652b38.jpg,https://pelisplus.me/serie/warrior/,Warrior,https://pelisplus.me/serie/warrior/,2019,https://pelisplus.me/serie/warrior/
https://static.noimg.net/serie/cover/original/8f46dc14081b872006a3e92d4ef6a11f.jpg,https://pelisplus.me/serie/ultraman/,Ultraman,https://pelisplus.me/serie/ultraman/,2019,https://pelisplus.me/serie/ultraman/
https://static.noimg.net/serie/cover/original/92da275bf326f34a4d90887558b0c0ac.jpg,https://pelisplus.me/serie/el-gran-chaparral/,El Gran Chaparral,https://pelisplus.me/serie/el-gran-chaparral/,1967,https://pelisplus.me/serie/el-gran-chaparral/
https://static.noimg.net/serie/cover/original/430e6873adc75c084678fccaeb8b9898.jpg,https://pelisplus.me/serie/the-passage/,The Passage,https://pelisplus.me/serie/the-passage/,2019,https://pelisplus.me/serie/the-passage/
https://static.noimg.net/serie/cover/original/2f05ad4b13919b436bb7fb3479ffd239.jpg,https://pelisplus.me/serie/the-widow/,The Widow,https://pelisplus.me/serie/the-widow/,2019,https://pelisplus.me/serie/the-widow/
https://static.noimg.net/serie/cover/original/bd8efb8ea45ecf36184398ad9b32cf9c.jpg,https://pelisplus.me/serie/grandes-heroes-la-serie/,Grandes Héroes: La Serie,https://pelisplus.me/serie/grandes-heroes-la-serie/,2017,https://pelisplus.me/serie/grandes-heroes-la-serie/
https://static.noimg.net/serie/cover/original/0a5865aeaefd3fa17a4a1b6552af40c6.jpg,https://pelisplus.me/serie/antes-de-perder/,Antes de Perder,https://pelisplus.me/serie/antes-de-perder/,2019,https://pelisplus.me/serie/antes-de-perder/
https://static.noimg.net/serie/cover/original/1994ef6d0e23b182f6f19033010761c4.jpg,https://pelisplus.me/serie/los-nuestros/,Los Nuestros,https://pelisplus.me/serie/los-nuestros/,2015,https://pelisplus.me/serie/los-nuestros/
https://static.noimg.net/serie/cover/original/674562570b96f0ea4195ee6a33daf336.jpg,https://pelisplus.me/serie/inhumans/,Inhumans,https://pelisplus.me/serie/inhumans/,2017,https://pelisplus.me/serie/inhumans/
https://static.noimg.net/serie/cover/original/042d9ab555e5d3409e5d4e0fee03ecf6.jpg,https://pelisplus.me/serie/daredevil/,Daredevil,https://pelisplus.me/serie/daredevil/,2015,https://pelisplus.me/serie/daredevil/
https://static.noimg.net/serie/cover/original/22ee35b75d555deefd6ea50e3dc9b0df.jpg,https://pelisplus.me/serie/wake-up/,Wake Up,https://pelisplus.me/serie/wake-up/,2018,https://pelisplus.me/serie/wake-up/
https://static.noimg.net/serie/cover/original/b57cdf4439c640ca4497f91d4c4e81ea.jpg,https://pelisplus.me/serie/the-umbrella-academy/,The Umbrella Academy,https://pelisplus.me/serie/the-umbrella-academy/,2019,https://pelisplus.me/serie/the-umbrella-academy/
https://static.noimg.net/serie/cover/original/1437403ab2a1e9c292f3048626fa7765.jpg,https://pelisplus.me/serie/power-rangers-fuerza-del-tiempo/,"Power Rangers, Fuerza del Tiempo",https://pelisplus.me/serie/power-rangers-fuerza-del-tiempo/,2001,https://pelisplus.me/serie/power-rangers-fuerza-del-tiempo/
https://static.noimg.net/serie/cover/original/b272419c448058ee678a0b8a92e329be.jpg,https://pelisplus.me/serie/perros-de-berlin/,Perros de Berlin,https://pelisplus.me/serie/perros-de-berlin/,2018,https://pelisplus.me/serie/perros-de-berlin/
https://static.noimg.net/serie/cover/original/62ccbb7f4ece36d71f6318c5030ef144.jpg,https://pelisplus.me/serie/jack-ryan/,Jack Ryan,https://pelisplus.me/serie/jack-ryan/,2018,https://pelisplus.me/serie/jack-ryan/
https://static.noimg.net/serie/cover/original/002c0103161175f2980e0b8bac5d0327.jpg,https://pelisplus.me/serie/vikingos/,Vikingos,https://pelisplus.me/serie/vikingos/,2013,https://pelisplus.me/serie/vikingos/
https://static.noimg.net/serie/cover/original/3187967d4dd03835419ca7e3e4cbb4c2.jpg,https://pelisplus.me/serie/juego-de-tronos/,Juego de Tronos,https://pelisplus.me/serie/juego-de-tronos/,2011,https://pelisplus.me/serie/juego-de-tronos/
https://static.noimg.net/serie/cover/original/823799158944b56fc33ef3faa53d1c7f.jpg,https://pelisplus.me/serie/clase-letal/,Clase Letal,https://pelisplus.me/serie/clase-letal/,2018,https://pelisplus.me/serie/clase-letal/
https://static.noimg.net/serie/cover/original/0f7bfb95366f90d653a95acd897595a0.jpg,https://pelisplus.me/serie/power-rangers-fuerza-salvaje/,"Power Rangers, Fuerza Salvaje",https://pelisplus.me/serie/power-rangers-fuerza-salvaje/,2002,https://pelisplus.me/serie/power-rangers-fuerza-salvaje/
https://static.noimg.net/serie/cover/original/602834ef5befd0b250c4105b0158d3ae.jpg,https://pelisplus.me/serie/the-punisher/,The Punisher,https://pelisplus.me/serie/the-punisher/,2017,https://pelisplus.me/serie/the-punisher/
https://static.noimg.net/serie/cover/original/dc63d5e97db95b93e81d13f056b10371.jpg,https://pelisplus.me/serie/white-collar/,White Collar,https://pelisplus.me/serie/white-collar/,2009,https://pelisplus.me/serie/white-collar/
https://static.noimg.net/serie/cover/original/5c1a08a3106dda40537519d07f1f7d8a.jpg,https://pelisplus.me/serie/boru/,Börü,https://pelisplus.me/serie/boru/,2018,https://pelisplus.me/serie/boru/
https://static.noimg.net/serie/cover/original/35a97df249f74f0028d5164868bab951.jpg,https://pelisplus.me/serie/la-colina-de-watership/,La colina de watership,https://pelisplus.me/serie/la-colina-de-watership/,2018,https://pelisplus.me/serie/la-colina-de-watership/
https://static.noimg.net/serie/cover/original/9a34d4bd5e9536a20517d0f6934660fd.jpg,https://pelisplus.me/serie/hawaii-five-0/,Hawaii Five-0,https://pelisplus.me/serie/hawaii-five-0/,2010,https://pelisplus.me/serie/hawaii-five-0/
https://static.noimg.net/serie/cover/original/d51bf364c92962d0da2192d6dac4cebb.jpg,https://pelisplus.me/serie/frontier/,Frontier,https://pelisplus.me/serie/frontier/,2016,https://pelisplus.me/serie/frontier/
https://static.noimg.net/serie/cover/original/146d6de6295f6ad1c7803f678eb7302a.jpg,https://pelisplus.me/serie/super-dragon-ball-heroes/,Super Dragon Ball Heroes,https://pelisplus.me/serie/super-dragon-ball-heroes/,2018,https://pelisplus.me/serie/super-dragon-ball-heroes/
https://static.noimg.net/serie/cover/original/7ef06786e33cb3779ee7322bc7a4dbd1.jpg,https://pelisplus.me/serie/the-protector/,The Protector,https://pelisplus.me/serie/the-protector/,2018,https://pelisplus.me/serie/the-protector/
https://static.noimg.net/serie/cover/original/2d583765a6d3ddb4b9635cb12f83b735.jpg,https://pelisplus.me/serie/ransom/,Ransom,https://pelisplus.me/serie/ransom/,2017,https://pelisplus.me/serie/ransom/
https://static.noimg.net/serie/cover/original/a3b39adfd806175033d161e037c87371.jpg,https://pelisplus.me/serie/ultimate-spider-man/,Ultimate Spider-Man,https://pelisplus.me/serie/ultimate-spider-man/,2012,https://pelisplus.me/serie/ultimate-spider-man/
https://static.noimg.net/serie/cover/original/8e1d349e7ec55768d923c99898f22b85.jpg,https://pelisplus.me/serie/timeless/,Timeless,https://pelisplus.me/serie/timeless/,2016,https://pelisplus.me/serie/timeless/
https://static.noimg.net/serie/cover/original/bfcbac62f67403f2a2d4fd761b042e81.jpg,https://pelisplus.me/serie/guerreros/,Guerreros,https://pelisplus.me/serie/guerreros/,2018,https://pelisplus.me/serie/guerreros/
https://static.noimg.net/serie/cover/original/629bebb1c9bb8562acad09f1bd979e82.jpg,https://pelisplus.me/serie/la-garrapata/,La Garrapata,https://pelisplus.me/serie/la-garrapata/,2016,https://pelisplus.me/serie/la-garrapata/
https://static.noimg.net/serie/cover/original/5a978c172f514db36c54490def349785.jpg,https://pelisplus.me/serie/los-hombres-de-paco/,Los Hombres de Paco,https://pelisplus.me/serie/los-hombres-de-paco/,2005,https://pelisplus.me/serie/los-hombres-de-paco/
https://static.noimg.net/serie/cover/original/cfe221aeb16782e6beb65cd2f487108b.jpg,https://pelisplus.me/serie/el-ultimo-reino/,El Ultimo Reino,https://pelisplus.me/serie/el-ultimo-reino/,2015,https://pelisplus.me/serie/el-ultimo-reino/
https://static.noimg.net/serie/cover/original/90eaf19e41811ddeecc7aac1907cb56f.jpg,https://pelisplus.me/serie/macgyver/,MacGyver,https://pelisplus.me/serie/macgyver/,2016,https://pelisplus.me/serie/macgyver/
https://static.noimg.net/serie/cover/original/bc7285a4da928a7bde90dea7378b34a4.jpg,https://pelisplus.me/serie/fbi/,FBI,https://pelisplus.me/serie/fbi/,2018,https://pelisplus.me/serie/fbi/
https://static.noimg.net/serie/cover/original/e0f35f284f7642dcd9779d915814277f.jpg,https://pelisplus.me/serie/grisse/,Grisse,https://pelisplus.me/serie/grisse/,2018,https://pelisplus.me/serie/grisse/
https://static.noimg.net/serie/cover/original/0b9f7774d1a8e0403b3583a1319a084a.jpg,https://pelisplus.me/serie/waco/,Waco,https://pelisplus.me/serie/waco/,2018,https://pelisplus.me/serie/waco/
https://static.noimg.net/serie/cover/original/073f8c8b7bfa3b0068f87dd1af8a45f4.jpg,https://pelisplus.me/serie/arma-letal/,Arma Letal,https://pelisplus.me/serie/arma-letal/,2016,https://pelisplus.me/serie/arma-letal/
https://static.noimg.net/serie/cover/original/afca68319ff07dcbb85e2142623842fa.jpg,https://pelisplus.me/serie/into-the-badlands/,Into the Badlands,https://pelisplus.me/serie/into-the-badlands/,2015,https://pelisplus.me/serie/into-the-badlands/
https://static.noimg.net/serie/cover/original/d5aa10378f705f0345576cd6fa44d2e1.jpg,https://pelisplus.me/serie/chicago-fire/,Chicago Fire,https://pelisplus.me/serie/chicago-fire/,2012,https://pelisplus.me/serie/chicago-fire/
https://static.noimg.net/serie/cover/original/1e377f9c86c350f0312376c02857940b.jpg,https://pelisplus.me/serie/run-coyote-run/,Run Coyote Run,https://pelisplus.me/serie/run-coyote-run/,2017,https://pelisplus.me/serie/run-coyote-run/
https://static.noimg.net/serie/cover/original/cb905495e114329a9b0af098d9f7ff58.jpg,https://pelisplus.me/serie/blindspot/,Blindspot,https://pelisplus.me/serie/blindspot/,2015,https://pelisplus.me/serie/blindspot/
https://static.noimg.net/serie/cover/original/0e308a9f8964cf11a355282c141cbc27.jpg,https://pelisplus.me/serie/chicago-pd/,Chicago PD,https://pelisplus.me/serie/chicago-pd/,2014,https://pelisplus.me/serie/chicago-pd/
https://static.noimg.net/serie/cover/original/82c6af22427ce4a20fff25fa279d0a4f.jpg,https://pelisplus.me/serie/titanes/,Titanes,https://pelisplus.me/serie/titanes/,2018,https://pelisplus.me/serie/titanes/
https://static.noimg.net/serie/cover/original/6c3f9ee1a2d6315449bd1b6f521bb3fc.jpg,https://pelisplus.me/serie/sr-avila/,Sr. Ávila,https://pelisplus.me/serie/sr-avila/,2013,https://pelisplus.me/serie/sr-avila/
https://static.noimg.net/serie/cover/original/131e4b915da2caebca253d7bdd904017.jpg,https://pelisplus.me/serie/arrow/,Arrow,https://pelisplus.me/serie/arrow/,2012,https://pelisplus.me/serie/arrow/
https://static.noimg.net/serie/cover/original/c299f9a4277e9348d5350df8d7ffb013.jpg,https://pelisplus.me/serie/blade-la-serie/,Blade: La serie,https://pelisplus.me/serie/blade-la-serie/,2006,https://pelisplus.me/serie/blade-la-serie/
https://static.noimg.net/serie/cover/original/4dd6f6c61f0ed4708948ced8f90515cf.jpg,https://pelisplus.me/serie/hulk-el-hombre-increible-1996/,Hulk el Hombre Increible (1996),https://pelisplus.me/serie/hulk-el-hombre-increible-1996/,1996,https://pelisplus.me/serie/hulk-el-hombre-increible-1996/
https://static.noimg.net/serie/cover/original/a0b3a30f911a2ca975f385a1aaa76f62.jpg,https://pelisplus.me/serie/dinastia/,Dinastía,https://pelisplus.me/serie/dinastia/,2017,https://pelisplus.me/serie/dinastia/
https://static.noimg.net/serie/cover/original/fdfc5bafa4184fd9ed6be5ced213b9dd.jpg,https://pelisplus.me/serie/supergirl/,Supergirl,https://pelisplus.me/serie/supergirl/,2015,https://pelisplus.me/serie/supergirl/
https://static.noimg.net/serie/cover/original/bcdf117a373a1e8cdeeb7b5e11c346a2.jpg,https://pelisplus.me/serie/s-w-a-t-2017/,S.W.A.T. (2017),https://pelisplus.me/serie/s-w-a-t-2017/,2017,https://pelisplus.me/serie/s-w-a-t-2017/
https://static.noimg.net/serie/cover/original/788a89db1d7a2b78914a7ceba08ae555.jpg,https://pelisplus.me/serie/marvel-disk-wars-los-vengadores/,Marvel Disk Wars: Los Vengadores,https://pelisplus.me/serie/marvel-disk-wars-los-vengadores/,2014,https://pelisplus.me/serie/marvel-disk-wars-los-vengadores/
https://static.noimg.net/serie/cover/original/3e31ace6e5aba78e0a43b50881a36ab3.jpg,https://pelisplus.me/serie/the-avengers-united-they-stand/,The Avengers: United They Stand,https://pelisplus.me/serie/the-avengers-united-they-stand/,1999,https://pelisplus.me/serie/the-avengers-united-they-stand/
https://static.noimg.net/serie/cover/original/8310c08f2e129f704bd6ce09834a8a98.jpg,https://pelisplus.me/serie/x-men-evolution/,X-Men: Evolution,https://pelisplus.me/serie/x-men-evolution/,2000,https://pelisplus.me/serie/x-men-evolution/
https://static.noimg.net/serie/cover/original/8610ff1adc3aa271fbf94c4c22100d76.jpg,https://pelisplus.me/serie/black-lightning-rayo-negro/,Black Lightning (Rayo negro),https://pelisplus.me/serie/black-lightning-rayo-negro/,2018,https://pelisplus.me/serie/black-lightning-rayo-negro/
https://static.noimg.net/serie/cover/original/86d0d7bdcf506beb58d52079a4dd5b51.jpg,https://pelisplus.me/serie/falco/,Falco,https://pelisplus.me/serie/falco/,2018,https://pelisplus.me/serie/falco/
https://static.noimg.net/serie/cover/original/434518f5b14b1d772599f1842641851c.jpg,https://pelisplus.me/serie/spider-man-the-new-animated-series/,Spider-Man: The New Animated Series,https://pelisplus.me/serie/spider-man-the-new-animated-series/,2003,https://pelisplus.me/serie/spider-man-the-new-animated-series/
https://static.noimg.net/serie/cover/original/ae2b1bdf02f7a23533b6cda2572cb8e4.jpg,https://pelisplus.me/serie/marvels-spider-man/,Marvel's Spider-Man,https://pelisplus.me/serie/marvels-spider-man/,2017,https://pelisplus.me/serie/marvels-spider-man/
https://static.noimg.net/serie/cover/original/55b5795e0d725409f4a7c0628bfb29bf.jpg,https://pelisplus.me/serie/the-last-ship/,The Last Ship,https://pelisplus.me/serie/the-last-ship/,2014,https://pelisplus.me/serie/the-last-ship/
https://static.noimg.net/serie/cover/original/3ccc430d8ce142668dba86d9c70803c7.jpg,https://pelisplus.me/serie/z-nation/,Z Nation,https://pelisplus.me/serie/z-nation/,2014,https://pelisplus.me/serie/z-nation/
https://static.noimg.net/serie/cover/original/8bc736856eb602b05cdc5f10ce8d1d63.jpg,https://pelisplus.me/serie/fantastic-four-worlds-greatest-heroes/,Fantastic Four: World's Greatest Heroes,https://pelisplus.me/serie/fantastic-four-worlds-greatest-heroes/,2006,https://pelisplus.me/serie/fantastic-four-worlds-greatest-heroes/
https://static.noimg.net/serie/cover/original/0a7c04f675bf4fca9350d49cfd5122aa.jpg,https://pelisplus.me/serie/the-spectacular-spider-man/,The Spectacular Spider-Man,https://pelisplus.me/serie/the-spectacular-spider-man/,2008,https://pelisplus.me/serie/the-spectacular-spider-man/
https://static.noimg.net/serie/cover/original/2431ee2c97abc817543cf9b4ddaea579.jpg,https://pelisplus.me/serie/iron-man-armored-adventures/,Iron Man: Armored Adventures,https://pelisplus.me/serie/iron-man-armored-adventures/,2008,https://pelisplus.me/serie/iron-man-armored-adventures/
https://static.noimg.net/serie/cover/original/9f51ad6c4b1ecd4777ecc67b338c0bb3.jpg,https://pelisplus.me/serie/hulk-el-hombre-increible/,Hulk: El Hombre Increible,https://pelisplus.me/serie/hulk-el-hombre-increible/,1978,https://pelisplus.me/serie/hulk-el-hombre-increible/
https://static.noimg.net/serie/cover/original/95624c524da07559249d297e7d530304.jpg,https://pelisplus.me/serie/the-avengers-earths-mightiest-heroes/,"The Avengers, Earths Mightiest Heroes",https://pelisplus.me/serie/the-avengers-earths-mightiest-heroes/,2010,https://pelisplus.me/serie/the-avengers-earths-mightiest-heroes/
https://static.noimg.net/serie/cover/original/8baeb67d39b929ad755a9bff3b3e5d5b.jpg,https://pelisplus.me/serie/spider-man/,Spider- Man,https://pelisplus.me/serie/spider-man/,1994,https://pelisplus.me/serie/spider-man/
https://static.noimg.net/serie/cover/original/54eef0bf64de8e95296e27b89dae3bdc.jpg,https://pelisplus.me/serie/9-1-1/,9-1-1,https://pelisplus.me/serie/9-1-1/,2018,https://pelisplus.me/serie/9-1-1/
https://static.noimg.net/serie/cover/original/2f9f9d28dfdc62c248fd80aadb2a433b.jpg,https://pelisplus.me/serie/wolverine-y-los-x-men/,Wolverine y los X-Men,https://pelisplus.me/serie/wolverine-y-los-x-men/,2008,https://pelisplus.me/serie/wolverine-y-los-x-men/
https://static.noimg.net/serie/cover/original/403384051e960ffd142e3c9d735a62b3.jpg,https://pelisplus.me/serie/spider-man-ilimitado/,Spider-Man Ilimitado,https://pelisplus.me/serie/spider-man-ilimitado/,1999,https://pelisplus.me/serie/spider-man-ilimitado/
https://static.noimg.net/serie/cover/original/eca96dc6182110351f8715d416fa045b.jpg,https://pelisplus.me/serie/silver-surfer/,Silver Surfer,https://pelisplus.me/serie/silver-surfer/,1998,https://pelisplus.me/serie/silver-surfer/
https://static.noimg.net/serie/cover/original/fa3acaaae3a6e6608a56b33348d83dbd.jpg,https://pelisplus.me/serie/los-4-fantasticos/,Los 4 Fantásticos,https://pelisplus.me/serie/los-4-fantasticos/,1995,https://pelisplus.me/serie/los-4-fantasticos/
https://static.noimg.net/serie/cover/original/02bfd1ca8374f4b257229ecf68b68bf7.jpg,https://pelisplus.me/serie/iron-man/,Iron Man,https://pelisplus.me/serie/iron-man/,1994,https://pelisplus.me/serie/iron-man/
https://static.noimg.net/serie/cover/original/c83bed88a50e9c3f8d32b16008341b1a.jpg,https://pelisplus.me/serie/iron-fist/,Iron Fist,https://pelisplus.me/serie/iron-fist/,2017,https://pelisplus.me/serie/iron-fist/
https://static.noimg.net/serie/cover/original/bcfd99c10f530adc415758294c871e6c.jpg,https://pelisplus.me/serie/the-incredible-hulk-1982/,The Incredible Hulk (1982),https://pelisplus.me/serie/the-incredible-hulk-1982/,1982,https://pelisplus.me/serie/the-incredible-hulk-1982/
https://static.noimg.net/serie/cover/original/6d4053a8587fc04bd7c0f3bb3243dd51.jpg,https://pelisplus.me/serie/spiderman-y-sus-amigos/,Spiderman y sus Amigos,https://pelisplus.me/serie/spiderman-y-sus-amigos/,1981,https://pelisplus.me/serie/spiderman-y-sus-amigos/
https://static.noimg.net/serie/cover/original/1f94a7640ac32fc5168050ef55d1a249.jpg,https://pelisplus.me/serie/strike-back/,Strike Back,https://pelisplus.me/serie/strike-back/,2010,https://pelisplus.me/serie/strike-back/
https://static.noimg.net/serie/cover/original/bbd53e9f1ce959f80c2a99d86a68a7e9.jpg,https://pelisplus.me/serie/xena-la-princesa-guerrera/,"Xena, La Princesa Guerrera",https://pelisplus.me/serie/xena-la-princesa-guerrera/,1995,https://pelisplus.me/serie/xena-la-princesa-guerrera/
https://static.noimg.net/serie/cover/original/f9e2fc65ad97027ef65037e92659ba3f.jpg,https://pelisplus.me/serie/el-tirador/,El Tirador,https://pelisplus.me/serie/el-tirador/,2016,https://pelisplus.me/serie/el-tirador/
https://static.noimg.net/serie/cover/original/738aad211a1e4b38897b1349d23b7433.jpg,https://pelisplus.me/serie/stargate-atlantis/,Stargate Atlantis,https://pelisplus.me/serie/stargate-atlantis/,2004,https://pelisplus.me/serie/stargate-atlantis/
https://static.noimg.net/serie/cover/original/6948f972b0ff98352272b4bce27fc05c.jpg,https://pelisplus.me/serie/wynonna-earp/,Wynonna Earp,https://pelisplus.me/serie/wynonna-earp/,2016,https://pelisplus.me/serie/wynonna-earp/
https://static.noimg.net/serie/cover/original/25cf82b7480c0681d81e623e57e85d8b.jpg,https://pelisplus.me/serie/cloak-y-dagger/,Cloak & Dagger,https://pelisplus.me/serie/cloak-y-dagger/,2018,https://pelisplus.me/serie/cloak-y-dagger/
https://static.noimg.net/serie/cover/original/6032348633ccb272d49aab5c84681660.jpg,https://pelisplus.me/serie/enemigo-intimo/,Enemigo Íntimo,https://pelisplus.me/serie/enemigo-intimo/,2018,https://pelisplus.me/serie/enemigo-intimo/
https://static.noimg.net/serie/cover/original/61079bb75c2e4237dce8f9be6345ee0d.jpg,https://pelisplus.me/serie/hora-punta/,Hora Punta,https://pelisplus.me/serie/hora-punta/,2016,https://pelisplus.me/serie/hora-punta/
https://static.noimg.net/serie/cover/original/6c315efedc05e85a115e8b26bca4aac4.jpg,https://pelisplus.me/serie/24-legacy/,24: Legacy,https://pelisplus.me/serie/24-legacy/,2017,https://pelisplus.me/serie/24-legacy/
https://static.noimg.net/serie/cover/original/2e015661fd1cb575fdce11c896025c39.jpg,https://pelisplus.me/serie/super-heroes-squad-show/,Super Héroes Squad Show,https://pelisplus.me/serie/super-heroes-squad-show/,2009,https://pelisplus.me/serie/super-heroes-squad-show/
https://static.noimg.net/serie/cover/original/b176b39c3735eb17dde36114beed80ab.jpg,https://pelisplus.me/serie/ironman/,IronMan,https://pelisplus.me/serie/ironman/,2010,https://pelisplus.me/serie/ironman/
https://static.noimg.net/serie/cover/original/9d2f98ecb1dd5676075696fc0bce4b19.jpg,https://pelisplus.me/serie/wolverine-2011/,Wolverine (2011),https://pelisplus.me/serie/wolverine-2011/,2011,https://pelisplus.me/serie/wolverine-2011/
https://static.noimg.net/serie/cover/original/33659290dac6fe0cc16088b3d56da79b.jpg,https://pelisplus.me/serie/x-men/,X-Men,https://pelisplus.me/serie/x-men/,2011,https://pelisplus.me/serie/x-men/
https://static.noimg.net/serie/cover/original/6132485ed2b7e1bc72ad51ec8c5e47fe.jpg,https://pelisplus.me/serie/blade/,Blade,https://pelisplus.me/serie/blade/,2011,https://pelisplus.me/serie/blade/
https://static.noimg.net/serie/cover/original/204dfd4d0a0b4859daf054d84a920622.jpg,https://pelisplus.me/serie/el-senor-de-los-cielos/,El Señor De Los Cielos,https://pelisplus.me/serie/el-senor-de-los-cielos/,2013,https://pelisplus.me/serie/el-senor-de-los-cielos/
https://static.noimg.net/serie/cover/original/3cd61ef20768fdba6c48d43e5e2afb5d.jpg,https://pelisplus.me/serie/avengers-assemble/,Avengers Assemble,https://pelisplus.me/serie/avengers-assemble/,2013,https://pelisplus.me/serie/avengers-assemble/
https://static.noimg.net/serie/cover/original/854bb69616d35dbff93188bbf3470c44.jpg,https://pelisplus.me/serie/hulk-and-the-agents-of-s-m-a-s-h/,Hulk and the Agents of S.M.A.S.H.,https://pelisplus.me/serie/hulk-and-the-agents-of-s-m-a-s-h/,2013,https://pelisplus.me/serie/hulk-and-the-agents-of-s-m-a-s-h/
https://static.noimg.net/serie/cover/original/c1751785b7465ab5b8cdf39032899881.jpg,https://pelisplus.me/serie/spider-woman-agent-of-s-w-o-r-d/,"Spider-Woman, Agent of S.W.O.R.D.",https://pelisplus.me/serie/spider-woman-agent-of-s-w-o-r-d/,2009,https://pelisplus.me/serie/spider-woman-agent-of-s-w-o-r-d/
https://static.noimg.net/serie/cover/original/80b8f15009dedfa9334629429e553714.jpg,https://pelisplus.me/serie/queen-of-the-south/,Queen of the South,https://pelisplus.me/serie/queen-of-the-south/,2016,https://pelisplus.me/serie/queen-of-the-south/
https://static.noimg.net/serie/cover/original/0f672ca4c521202946d0119897ec6feb.jpg,https://pelisplus.me/serie/impulse/,Impulse,https://pelisplus.me/serie/impulse/,2018,https://pelisplus.me/serie/impulse/
https://static.noimg.net/serie/cover/original/fc2991640472091b00f6209a0bc219c3.jpg,https://pelisplus.me/serie/agents-of-s-h-i-e-l-d/,Agents of S.H.I.E.L.D.,https://pelisplus.me/serie/agents-of-s-h-i-e-l-d/,2013,https://pelisplus.me/serie/agents-of-s-h-i-e-l-d/
https://static.noimg.net/serie/cover/original/8abe52b33bea7fe93f6b9c154986a2e7.jpg,https://pelisplus.me/serie/luke-cage/,Luke Cage,https://pelisplus.me/serie/luke-cage/,2017,https://pelisplus.me/serie/luke-cage/
https://static.noimg.net/serie/cover/original/33adf466c14e07595d8728c9d9d12b64.jpg,https://pelisplus.me/serie/shades-of-blue/,Shades of Blue,https://pelisplus.me/serie/shades-of-blue/,2016,https://pelisplus.me/serie/shades-of-blue/
https://static.noimg.net/serie/cover/original/e861b33a2a3f470b6455ccb6f95013d0.jpg,https://pelisplus.me/serie/quarry/,Quarry,https://pelisplus.me/serie/quarry/,2016,https://pelisplus.me/serie/quarry/
https://static.noimg.net/serie/cover/original/c831759d85b5b555271aae7402119859.jpg,https://pelisplus.me/serie/halo-nightfall/,Halo: Nightfall,https://pelisplus.me/serie/halo-nightfall/,2014,https://pelisplus.me/serie/halo-nightfall/
https://static.noimg.net/serie/cover/original/6e0d660c22392c10c20f298e4fad1b72.jpg,https://pelisplus.me/serie/reboot-el-codigo-guardian/,ReBoot: El Código Guardián,https://pelisplus.me/serie/reboot-el-codigo-guardian/,2018,https://pelisplus.me/serie/reboot-el-codigo-guardian/
https://static.noimg.net/serie/cover/original/2bc28e542a009597077f7d7df2320612.jpg,https://pelisplus.me/serie/sobreviviendo-a-escobar/,Sobreviviendo a Escobar,https://pelisplus.me/serie/sobreviviendo-a-escobar/,2017,https://pelisplus.me/serie/sobreviviendo-a-escobar/
https://static.noimg.net/serie/cover/original/59b1bb2aa7fb6b84f2d938bfbfc2bc1f.jpg,https://pelisplus.me/serie/spartacus/,Spartacus,https://pelisplus.me/serie/spartacus/,2010,https://pelisplus.me/serie/spartacus/
https://static.noimg.net/serie/cover/original/7c726cc4384ff0ec2c4fa86365c403b3.jpg,https://pelisplus.me/serie/bajo-sospecha/,Bajo Sospecha,https://pelisplus.me/serie/bajo-sospecha/,2015,https://pelisplus.me/serie/bajo-sospecha/
https://static.noimg.net/serie/cover/original/148da8d338d06c2220227e0fd38b3c15.jpg,https://pelisplus.me/serie/runaways/,Runaways,https://pelisplus.me/serie/runaways/,2017,https://pelisplus.me/serie/runaways/
https://static.noimg.net/serie/cover/original/2e09b31cd51db9838e806889f22b09b2.jpg,https://pelisplus.me/serie/la-zona/,La zona,https://pelisplus.me/serie/la-zona/,2017,https://pelisplus.me/serie/la-zona/
https://static.noimg.net/serie/cover/original/ae92613090def65b000788ef2ff95595.jpg,https://pelisplus.me/serie/crisis/,Crisis,https://pelisplus.me/serie/crisis/,2014,https://pelisplus.me/serie/crisis/
https://static.noimg.net/serie/cover/original/ffb3cec4fca7663a92cce5715d3c18ee.jpg,https://pelisplus.me/serie/2091-jugar-o-morir/,2091: Jugar o morir,https://pelisplus.me/serie/2091-jugar-o-morir/,2016,https://pelisplus.me/serie/2091-jugar-o-morir/
https://static.noimg.net/serie/cover/original/6ededf2d3f13178f95a2c7dc7ceaa79d.jpg,https://pelisplus.me/serie/cazadores-de-sombras/,Cazadores de Sombras,https://pelisplus.me/serie/cazadores-de-sombras/,2016,https://pelisplus.me/serie/cazadores-de-sombras/
https://static.noimg.net/serie/cover/original/9d2d630fc3e1d195a448868abfe5b7de.jpg,https://pelisplus.me/serie/stan-lees-lucky-man/,Stan Lee's Lucky Man,https://pelisplus.me/serie/stan-lees-lucky-man/,2016,https://pelisplus.me/serie/stan-lees-lucky-man/
https://static.noimg.net/serie/cover/original/43462ecb9bfdc163a8c9163d0dd8e73e.jpg,https://pelisplus.me/serie/la-reina-del-sur/,La Reina del Sur,https://pelisplus.me/serie/la-reina-del-sur/,2011,https://pelisplus.me/serie/la-reina-del-sur/
https://static.noimg.net/serie/cover/original/b0cccb1a515b0a9ed2e1d6edcbc366e9.jpg,https://pelisplus.me/serie/limitless/,Limitless,https://pelisplus.me/serie/limitless/,2015,https://pelisplus.me/serie/limitless/
https://static.noimg.net/serie/cover/original/13e63fc447b1f0ef9197778d9a437789.jpg,https://pelisplus.me/serie/alcatraz/,Alcatraz,https://pelisplus.me/serie/alcatraz/,2012,https://pelisplus.me/serie/alcatraz/
https://static.noimg.net/serie/cover/original/ef60dd7c72e4d93a3a60d7941329bc97.jpg,https://pelisplus.me/serie/requiem/,Requiem,https://pelisplus.me/serie/requiem/,2018,https://pelisplus.me/serie/requiem/
https://static.noimg.net/serie/cover/original/744c5260b84e68df41788a4a2bc55738.jpg,https://pelisplus.me/serie/banshee/,Banshee,https://pelisplus.me/serie/banshee/,2013,https://pelisplus.me/serie/banshee/
https://static.noimg.net/serie/cover/original/b154141f5c3edb0568d5cacde34745bf.jpg,https://pelisplus.me/serie/jessica-jones/,Jessica Jones,https://pelisplus.me/serie/jessica-jones/,2015,https://pelisplus.me/serie/jessica-jones/
https://static.noimg.net/serie/cover/original/fa576955709df3ef3bc8626a7be755a2.jpg,https://pelisplus.me/serie/damnation/,Damnation,https://pelisplus.me/serie/damnation/,2017,https://pelisplus.me/serie/damnation/
https://static.noimg.net/serie/cover/original/00d7ec672e2cb8162ae5a9846116edaf.jpg,https://pelisplus.me/serie/agente-carter/,Agente Carter,https://pelisplus.me/serie/agente-carter/,2015,https://pelisplus.me/serie/agente-carter/
https://static.noimg.net/serie/cover/original/66f3c086595f9486cc6532985117f8f2.jpg,https://pelisplus.me/serie/dark/,Dark,https://pelisplus.me/serie/dark/,2016,https://pelisplus.me/serie/dark/
https://static.noimg.net/serie/cover/original/5ae814160e0cf69f594c94ffd9e26c79.jpg,https://pelisplus.me/serie/apocalipsis-la-primera-guerra-mundial/,Apocalipsis La Primera Guerra Mundial,https://pelisplus.me/serie/apocalipsis-la-primera-guerra-mundial/,2014,https://pelisplus.me/serie/apocalipsis-la-primera-guerra-mundial/
https://static.noimg.net/serie/cover/original/37bd1ca487a21bc63ef661756dd9f1f0.jpg,https://pelisplus.me/serie/scorpion/,Scorpion,https://pelisplus.me/serie/scorpion/,2014,https://pelisplus.me/serie/scorpion/
https://static.noimg.net/serie/cover/original/2d16d16f5c8ba997ef6a0dc2a1c16f88.jpg,https://pelisplus.me/serie/black-sails/,Black Sails,https://pelisplus.me/serie/black-sails/,2014,https://pelisplus.me/serie/black-sails/
https://static.noimg.net/serie/cover/original/a398e4aa8996cdac3f38654c6ad40d2f.jpg,https://pelisplus.me/serie/ghost-wars/,Ghost Wars,https://pelisplus.me/serie/ghost-wars/,2017,https://pelisplus.me/serie/ghost-wars/
https://static.noimg.net/serie/cover/original/e8f48455e9781acf8decc5c742eae11e.jpg,https://pelisplus.me/serie/altered-carbon/,Altered Carbon,https://pelisplus.me/serie/altered-carbon/,2018,https://pelisplus.me/serie/altered-carbon/
https://static.noimg.net/serie/cover/original/6427e7e8dcf67f4a43e5f587f53cc950.jpg,https://pelisplus.me/serie/the-defenders/,The Defenders,https://pelisplus.me/serie/the-defenders/,2017,https://pelisplus.me/serie/the-defenders/
